,post_id,title,url,sub,score,flair,upvote_ratio
0,m7s6jd,"[5E] Metamorph, a (hopefully) balanced substitute for Mystic",https://homebrewery.naturalcrit.com/share/tpKjFY_tY,UnearthedArcana,2,Class,0.75
1,m7ezuy,Cute Magical Critter Warlock Patron | Sign a contract to become a magical girl and punish evildoers with this new anime-flavored Warlock subclass!,https://www.gmbinder.com/share/-MT4G-aRMFvYwYwSsjnU,UnearthedArcana,21,Subclass,0.93
2,m73s8f,Akkator's Compendium of Classes,https://homebrewery.naturalcrit.com/share/gvVSnO8yj,UnearthedArcana,5,Compendium,1
3,m71mtw,Order of the Thereon-Blood Hunter subclass v 1.01,https://homebrewery.naturalcrit.com/share/1ScBIJ_Q9QP8CXozqCLcH0rurpr_zPbfLqvp85a6bAVjI,UnearthedArcana,3,Subclass,1
4,m6t7k8,"Selakyn - a Race of Nomadic Shark People, still WIP and needs advice on balance",https://homebrewery.naturalcrit.com/share/p-k2uk64hG7B,UnearthedArcana,4,Race,1
5,m6odpv,HD and XP as Currency? Thoughts and critiques please!,https://homebrewery.naturalcrit.com/share/1fCqUIRVnA74vQgdtuyy6i-WQBtAJf_Ep81EgF63tcgkA,UnearthedArcana,2,Mechanic,1
6,m6o99q,"Satyr Reimagined! Now with 3 new subraces, feats, & optional features!",https://homebrewery.naturalcrit.com/share/vxyPDX37a,UnearthedArcana,1,Race,0.6
7,m6h3jr,Sealed Dragon v1.4 | A Dragon Sealed Inside a Mortal Shell! Feedback Greatly Appreciated.,https://homebrewery.naturalcrit.com/share/SRjD2L0dJ,UnearthedArcana,5,Class,0.7
8,m5xg2a,"Taking a swing at my own Ranger revision, with no pesky concentration for Hunter's Mark",https://www.gmbinder.com/share/-MTpa3ordIxC74W3HCpZ,UnearthedArcana,0,Class,0.4
9,m5tt9a,Way of the Coiled Cobra | Dodge and Strike with the ferocity of a Cobra!,https://www.gmbinder.com/share/-MUKsI6Ft8OQgYeolrYu,UnearthedArcana,12,Subclass,1
10,m5hge0,Quickdart Bracelet - For when you don't want to spend 5000GP on ten throwing knives,https://homebrewery.naturalcrit.com/share/bhg01H1LiSRK,UnearthedArcana,5,Item,1
11,m53uhy,The Weaver - a Class based on the Flash RPG Dragonfable,https://homebrewery.naturalcrit.com/share/P5U-ZkLiz,UnearthedArcana,2,Class,0.62
12,m4mkyy,Arcane Archer Third Caster Version,https://homebrewery.naturalcrit.com/share/2B_HuyWQoqZ0,UnearthedArcana,3,Subclass,0.81
13,m4hjvw,The Weapon Shaper - You learned how to fight with all the weapons you should use them.,https://homebrewery.naturalcrit.com/share/KIPl4a-AnDYQ,UnearthedArcana,5,Subclass,0.86
14,m40nzn,"Sword-Savant (inspired by 3e, 4e, and 5e)",https://homebrewery.naturalcrit.com/share/_qgdnFWspI3b,UnearthedArcana,2,Class,0.67
15,m40dva,Are you an Inventor? A bold Experimentor? Become the Augmentor! An Artificer subclass designed to give you creative control over your body.,https://homebrewery.naturalcrit.com/share/W5Rp1BmAhs1Q,UnearthedArcana,15,Subclass,0.94
16,m3w0fz,Tenser's Spells - The Homebrewery,https://homebrewery.naturalcrit.com/share/W6C8M2mNz2rG,UnearthedArcana,5,Spell,0.86
17,m3sftw,Become the Terror of the Fog With the Ambusher Rogue Subclass,https://www.gmbinder.com/share/-MVcRU66Ynn_bsbQCJD0,UnearthedArcana,1,Subclass,1
18,m3nv8w,New Wizard Subclass - School of Spectral Magic. Turn your mage hand into a weapon!,https://www.gmbinder.com/pdf/-MFf3dj3bomJjeia33lf/school-of-spectral-magic.pdf,UnearthedArcana,13,Subclass,0.93
19,m3ir3j,Barbarian: Path of the Runeweaver,https://www.gmbinder.com/share/-MVYODOU8JDxc3qN7jhq,UnearthedArcana,3,Subclass,1
20,m2wvzg,Nyxia's Tome! A (at the moment) somewhat small compendium I'm working on!,https://homebrewery.naturalcrit.com/share/uyvV5OmEs9x2,UnearthedArcana,2,Compendium,1
21,m2nfwb,Oath of Animation - Love all life. Embrace the Weird. Embrace Drugs.,https://homebrewery.naturalcrit.com/print/W8t9WaGvHPB3?dialog=true,UnearthedArcana,1,Subclass,0.56
22,m1tfd5,Path of The Arcane Scourge! a 1/3rd spell casting Barbarian Subclass for those who are so Emotionally unstable their Rage warps and manipulates the Weave! (please give balancing feedback),https://homebrewery.naturalcrit.com/share/mEvwESoRHaVZ,UnearthedArcana,3,Subclass,0.81
23,m1pbsu,"The Alchemist - A slightly whimsical take on the bomb-slinging, potion-mixing, experimental mad genius.",https://homebrewery.naturalcrit.com/share/Sy-nS9swiW,UnearthedArcana,4,Class,1
24,m1em9e,Cryomancer - Sorcerous Origin for those who like to keep the battlefield cool,https://homebrewery.naturalcrit.com/share/cgppaU01RP3x,UnearthedArcana,7,Subclass,0.89
25,m1c1lb,The Tomb Guard - My first homebrew,https://www.gmbinder.com/share/-MUxyD0cjgpml2wj1Zbx,UnearthedArcana,2,Race,1
26,m11p83,Monastic Tradition: Way of Wind | Blow like a Breeze and Rush like a Hurricane!,https://www.gmbinder.com/share/-MTxAGZzYYruwGnuqkfL,UnearthedArcana,6,Subclass,0.88
27,m0ti7q,Arcane Rituals: A new way for anyone to harness the weave.,https://homebrewery.naturalcrit.com/share/vlLpF0uS968g,UnearthedArcana,5,Mechanic,1
28,m0tfd4,NEW ARTIFICER SPECIALIST: BIOPUNK; The Simic Hybrid with extra steps!,https://homebrewery.naturalcrit.com/share/fbp0jxMAQoTQ,UnearthedArcana,7,Subclass,0.9
29,lyno8g,Skrit,https://homebrewery.naturalcrit.com/share/AbWZnZsEh,UnearthedArcana,1,Monster,0.66
30,lwzeha,Prestige Class: Dragon Rider of Krynn | V1,https://homebrewery.naturalcrit.com/share/VYvyK_-aDouU,UnearthedArcana,6,Prestige,0.88
31,lwqt0o,Pact of the Limb,https://www.gmbinder.com/pdf/-MUrRuojxrNK4ybCQX0z/boogs-warlock-pact-of-the-limb.pdf,UnearthedArcana,3,Feature,1
32,lw5e26,The Way of the Shark- a Sahuagin monk subclass,https://homebrewery.naturalcrit.com/share/1__rngeHJBW1CIsZ3fxprZ3_9uSKd4guz2rc6LvCUu4xs,UnearthedArcana,3,Subclass,1
33,lw35eu,Way of Nature - Monk Subclass: Defeat your enemies with the power of animals and the forces of the wild (looking for feedback on smoothing out and finishing this subclass),https://homebrewery.naturalcrit.com/share/1puOVOdtBJI9e6SOuwwaoffXP8_-AxwHUKz5S6xT_uk86,UnearthedArcana,3,Subclass,1
34,lvz6cg,"Evil Domain Cleric: a (primarily NPC-focussed) first draft for those not just incidentally evil, but ideologically committed to being the bad guys.",https://homebrewery.naturalcrit.com/share/Nk5Mp1s7UUUq,UnearthedArcana,9,Subclass,1
35,lvuktk,(need help balancing) Path of the Chimera - Barbarians who harbor multiple souls and augment their combat skills on a Mythical Scale!,https://homebrewery.naturalcrit.com/share/gvEZL0sHdi8r,UnearthedArcana,2,Subclass,0.75
36,lvjucd,"Soothsayer v1.0 Full Caster, Ritual Diviner",https://homebrewery.naturalcrit.com/share/cSZdYiKOGOAX,UnearthedArcana,4,Class,1
37,lvcswn,Monk: Way Of The Unyielding Flame (Swordsdoeshomebrew),https://www.gmbinder.com/share/-MUi8w98ksNX6DbKlR9v,UnearthedArcana,1,Subclass,1
38,lv95yw,Improved Improvised Weapons (Alternative rules for improvised weapons),https://homebrewery.naturalcrit.com/share/B4ikFOfgKBJ-,UnearthedArcana,6,Mechanic,1
39,lumev2,"[5E] Artificer Mechanic Specialist and Chair upgrades for the combat wheel chair, version 1 - Would love feedback!",https://homebrewery.naturalcrit.com/share/O-WwQqz3X_Gx,UnearthedArcana,4,Subclass,0.84
40,lu4mvp,New Armor System for Modern Settings,https://homebrewery.naturalcrit.com/share/F3gBoje3Lg45,UnearthedArcana,4,Item,1
41,lt82x2,Darker Dungeons : Making Darkness Punishing Again,https://homebrewery.naturalcrit.com/share/Lk4tshmkY0en,UnearthedArcana,3,Mechanic,0.81
42,lt3cat,"The Ludumancer | A 9th level Intelligence caster who taps into their inner Mana to cast spells and summon monsters from cards. Make a deck to play with or 'Use Dice to Play Cards'. Stack the deck in your favor, assemble a magical menagerie of monsters, or go all in on a good gut feeling!",https://homebrewery.naturalcrit.com/share/1dmq3HbmtWCOllSJMvd9BWT3pf2zTNZ-IH71PGYGZPR-1,UnearthedArcana,12,Class,0.93
43,lt13k6,Monk Subclass The Way of Acceleration,https://homebrewery.naturalcrit.com/share/cYaZByWmi5Pi,UnearthedArcana,6,Subclass,1
44,lt0chq,"Recooked: Senses, Hiding, and Cover -- A rules clarification and backwards-compatible rewrite for some of 5e's thornier mechanics.",https://www.gmbinder.com/share/-MRrYFYWjCn-3dpy0BQa,UnearthedArcana,9,Mechanic,1
45,lskcx4,Raw Sorcerer - For when you want more sorcerer,https://homebrewery.naturalcrit.com/share/jOskCuKd,UnearthedArcana,7,Subclass,0.99
46,lsek4d,The Emissary – a 5e portal based support class (includes 3 subclasses and a spells appendix),https://homebrewery.naturalcrit.com/share/SJZM5CviWB,UnearthedArcana,4,Class,1
47,lrzrqe,Roguish Archetype - Trapper,https://www.gmbinder.com/share/-MUMklUukSK6ZV1izfPQ,UnearthedArcana,2,Subclass,0.75
48,lrznl1,"Revised Brawler Version 3- Large changes after playtesting and a new subclass! Enjoy this class focused on unarmed, improvised, and intelligent fighting",https://www.gmbinder.com/share/-M0JCU0ZBFt8GNpVDzIp,UnearthedArcana,4,Class,0.83
49,lrtcup,Way of the Divided Atom,https://homebrewery.naturalcrit.com/share/Tenpt4ByCCW3,UnearthedArcana,4,Subclass,0.76
50,lrp3ke,The Thug: A rough and tough grapple-focused rogue subclass!,https://homebrewery.naturalcrit.com/share/aFjGJsE89,UnearthedArcana,7,Subclass,1
51,lqztvq,Dodge Ratings - A Replacement for Armor Classes,https://homebrewery.naturalcrit.com/share/A40C1JoLZ70v,UnearthedArcana,2,Mechanic,1
52,lqzen2,Simple Herbalism Rules,https://www.gmbinder.com/share/-MJ2d-fFYFUhuyw-7n_Z,UnearthedArcana,12,Mechanic,1
53,lqd4v9,New Class: The Aegis by jack1spade,https://www.gmbinder.com/share/-MUCUCXmDNLrml2rpHrI,UnearthedArcana,1,Class,1
54,looyo2,Heretics - The Devoted (Faction + Stat Blocks),https://homebrewery.naturalcrit.com/share/w3pMVri5cDP2,UnearthedArcana,10,Monster,1
55,lo4hj4,Demon Blade - Rogue Archetype,https://www.gmbinder.com/share/-LjvXYwjrv22ExcBsPGV,UnearthedArcana,7,Subclass,0.89
56,lnvp61,Want a Barbarian that uses rage to fuel creativity? Need a bit of Bard in your 'Barian? Check out the Path of Harmonious Fury!,https://homebrewery.naturalcrit.com/share/3nMIap2IBk6C,UnearthedArcana,3,Subclass,0.81
57,lntpz4,"Way of the Silent Stone - A Monk subclass focused on striking and grappling from distance, climbing walls of stone",https://homebrewery.naturalcrit.com/share/IY1clKe4TshQ,UnearthedArcana,12,Subclass,0.89
58,lnrpxn,"The Mocker: An Adaptable, Shapeshifting Nest-Predator with multiple forms.",https://www.gmbinder.com/share/-MGEiwG6q6EOs6j37jwu,UnearthedArcana,3,Monster,1
59,ajhlzo,The Magician - Complete 5e PC Class - (Fully balanced for play testing),https://homebrewery.naturalcrit.com/share/rJBvIaifV,UnearthedArcana,0,Class,0.48
60,b4dcms,"5.5 Edition (Rules, Spells, Artificer, Druid, Monk, Mystic, Ranger, Rogue) [Update 1.0]",https://homebrewery.naturalcrit.com/share/BJQGzT-md4,UnearthedArcana,0,Other,0.5
61,778mxe,Mr. Meseeks Stat Box,http://homebrewery.naturalcrit.com/share/rJbFLYlib,UnearthedArcana,2,Monster,0.54
62,8cpr5v,Dhampir - Balanced Vampire-spawn race for the edgelord of the party,http://homebrewery.naturalcrit.com/share/rkSQq880if,UnearthedArcana,1,Race,0.51
63,646809,[Class] Necromancer,http://homebrewery.naturalcrit.com/share/ByZBKmI6x,UnearthedArcana,0,Class,0.44
64,8nkbc0,[Race] Faetoise... please read the comments!,http://homebrewery.naturalcrit.com/share/r1Z_Pk2a1Q,UnearthedArcana,1,Race,0.53
65,5xwrtj,The Jedi - An hibrid class with loads of options [v0.1],http://homebrewery.naturalcrit.com/share/HJeqp2P9x,UnearthedArcana,0,Class,0.47
66,il3yew,Extra Attack Variant (v0.2) - now with variant for Ranger and Paladin,https://www.gmbinder.com/share/-M5QvyhkcpYSQpDbNPue,UnearthedArcana,0,Mechanic,0.45
67,afu1ub,Onigiri Race. A race of creatures made of rice! (GM Binder version),https://www.gmbinder.com/share/-LWAFUQN_nDh2T1M8PSv,UnearthedArcana,2,Race,0.58
68,93e5lm,The Variant Sorcerer,http://homebrewery.naturalcrit.com/share/S1IF5ma4X,UnearthedArcana,0,Class,0.5
69,8updna,"My Take on Gunslinger: Subclass for Pistols, Scatterguns, Longrifles Feedback Wanted!",http://homebrewery.naturalcrit.com/share/HkjJPJCqb,UnearthedArcana,0,Class,0.42
70,6h56q1,Kitsune Race,http://homebrewery.naturalcrit.com/share/H1hf18WxZ,UnearthedArcana,0,Race,0.5
71,6agbe6,The S.O.L.D.I.E.R. (5e Fighter Archetype),http://homebrewery.naturalcrit.com/share/Sk4O3GZxb,UnearthedArcana,0,Subclass,0.47
72,52rt7w,Revised Ranger Revision - Fixing the UA Ranger,http://homebrewery.naturalcrit.com/share/SylZkCrh,UnearthedArcana,0,Class,0.5
73,bc04vl,Whip Mastery - Make The Whip Great Again,https://homebrewery.naturalcrit.com/share/BJ5bea2FE,UnearthedArcana,0,Feat,0.47
74,ap5ef4,Teleporter: a Rogue Subclass,https://homebrewery.naturalcrit.com/share/Sk-kwTuN4N,UnearthedArcana,0,Subclass,0.5
75,6n3bh0,Faerûn Initiative,http://homebrewery.naturalcrit.com/share/B1m1TTXHBb,UnearthedArcana,0,Mechanic,0.5
76,622g9e,My attempt to fix Loremaster,http://homebrewery.naturalcrit.com/share/H1ZdnK7uhx,UnearthedArcana,0,Subclass,0.5
77,92pkf2,[Subclass] The Dragon Sorcerer - A draconic bloodline,http://homebrewery.naturalcrit.com/share/HJtvC49NX,UnearthedArcana,1,Subclass,0.52
78,57t35n,Player's Companion - Appendix A: Additional Races,http://homebrewery.naturalcrit.com/share/S1iMeUbJl,UnearthedArcana,5,Race,0.59
79,5fmvon,Penderlock - Unique Firearm Magic Item,http://homebrewery.naturalcrit.com/print/SkAGbnjMx,UnearthedArcana,3,Item,0.57
80,ehwgkg,"The highwayman: a gun based subclass for the rouge, and my first attempt at homebrewing any sort of class or subclass.",https://homebrewery.naturalcrit.com/share/S1D4oeB-c4,UnearthedArcana,0,Subclass,0.5
81,bsy52l,Blink Monk - 5e Monk Tradition - Version 1,https://homebrewery.naturalcrit.com/share/S1FvJzwpN,UnearthedArcana,0,Subclass,0.5
82,bgx62f,Otherworldly Patron: The Great Old One - Remake,https://homebrewery.naturalcrit.com/share/HkWhLrdR_V,UnearthedArcana,1,Subclass,0.54
83,b6dncr,5e Monk Subclass: Way of the Second Hand—Bend the flow of time and outlast your enemies!,https://homebrewery.naturalcrit.com/share/r1-J3Du_N,UnearthedArcana,0,Subclass,0.5
84,9rpvce,The Headhunter - Kicking Butt and Taking Scalps,http://homebrewery.naturalcrit.com/share/ByrKjtlxnQ,UnearthedArcana,0,Class,0.5
85,9rmoy3,Yet Another Warlock Rewrite - Eldritch Dice,https://www.gmbinder.com/share/-LPiErVHm1hgARuqrUSB,UnearthedArcana,1,Class,0.56
86,8z4i87,Way of the Thousand Needles - Monk Subclass,http://homebrewery.naturalcrit.com/share/SkZ1DVQK7X,UnearthedArcana,0,Subclass,0.44
87,8qqt07,Voidreaver 5e Homebrew Class (2.0)(Feedback Appreciated),http://homebrewery.naturalcrit.com/share/rJXQROtQTz,UnearthedArcana,0,Class,0.4
88,lz45wi,DnD 5.5e 1st Draft,https://www.gmbinder.com/share/-MRwN-bt0kubqTri5QQ4,UnearthedArcana,1,Mechanic,0.55
89,7lu5c7,"The blood manipulating , tattoo carving Barbarian who taps into his pain for power - The Painluster (Revised)",http://homebrewery.naturalcrit.com/share/H1bARx5UxM,UnearthedArcana,1,Subclass,0.53
90,aoa87e,[Class] Blood Mage - a High Risk Spellcaster,https://homebrewery.naturalcrit.com/share/rJkWsokvX,UnearthedArcana,5,Class,0.62
91,52ux1k,"Ranger Remix 2.0 (""Revised Ranger"" update)",http://homebrewery.naturalcrit.com/share/SymNsh2D3,UnearthedArcana,2,Class,0.57
92,dg56yp,"Circle of The Hydrohomies- A druidic circle based on self-care, health, and remembering to drink water daily! uwu take care of yourself and others.",https://homebrewery.naturalcrit.com/share/BJXc7uX6dH,UnearthedArcana,4,Subclass,0.61
93,89t0bh,[Subclass] [Sorcerer] Hemomancy aka Blood Magic v.3.0,https://homebrewery.naturalcrit.com/share/rJ7v8S9Gjz,UnearthedArcana,4,Subclass,0.62
94,jy78di,"Skeleton Hotel's Ranger, v0.1 (abridged summary in comments)",https://www.gmbinder.com/share/-ML1wS1JMMmwKd5BgV33,UnearthedArcana,0,Class,0.5
95,hw4tv1,Revised Ranger V1,https://homebrewery.naturalcrit.com/share/chTYyyx9k,UnearthedArcana,0,Class,0.5
96,go8gu3,Ghoul [5e],https://homebrewery.naturalcrit.com/share/a8anConiZ,UnearthedArcana,0,Class,0.5
97,chudt3,"[5e] The Ranger, Revisited",https://www.gmbinder.com/share/-LkfBcVkze6bUvnA9ey-,UnearthedArcana,0,Class,0.4
98,ca9ppt,The Complete Ranger Document(really good edition) [5e],https://homebrewery.naturalcrit.com/share/ByZPaZWkZS,UnearthedArcana,0,Class,0.5
99,bk3rxs,"The Enchysi - a more ""magical"" martial class",https://homebrewery.naturalcrit.com/share/HJeFmZKi4,UnearthedArcana,0,Class,0.5
100,9cq8th,Lightbearer Class - Warriors of Sacrifice,https://homebrewery.naturalcrit.com/share/BJrQq6XPMQ,UnearthedArcana,0,Class,0.5
101,96qbtv,"Barbarian Path - High risk and high reward, making CON a fun stat - edit 2",https://homebrewery.naturalcrit.com/share/SkH7eR3Hm,UnearthedArcana,0,Subclass,0.5
102,8y1ty0,The Conduit 5e half caster class,http://homebrewery.naturalcrit.com/share/SJb6qDYfmQ,UnearthedArcana,0,Class,0.5
103,8w6zdd,Kantor's Orb of Observations. Thoughts? Criticism?,http://homebrewery.naturalcrit.com/share/H11xdloG7,UnearthedArcana,0,Item,0.5
104,8ne6ge,My first custom class v2. I want some feedback on the Blood Warrior class.,http://homebrewery.naturalcrit.com/share/SJb7f4h2Jm,UnearthedArcana,0,Class,0.5
105,7gef8a,Robots.,http://homebrewery.naturalcrit.com/share/Sy7BbDI3eM,UnearthedArcana,0,Race,0.5
106,6glsgk,Warlock (Pact of the Blade) Fixes,http://homebrewery.naturalcrit.com/share/HJvrqFYMZ,UnearthedArcana,0,Subclass,0.5
107,60gh0v,Two Wizard Spells - for the more tricksy wizards,http://homebrewery.naturalcrit.com/share/S1bgDI6oe,UnearthedArcana,0,Spell,0.5
108,5x66a8,The Runeshaper V2.0,http://homebrewery.naturalcrit.com/share/HJWeyFVcg,UnearthedArcana,0,Class,0.5
109,5pmcx0,"(5e) The Covenant of Creation, Artificer archetype.",http://homebrewery.naturalcrit.com/share/r1bxW3oGDe,UnearthedArcana,0,Subclass,0.5
110,5ojfc3,Bow Master [Fighter Archetype],http://homebrewery.naturalcrit.com/share/SyD29H7Il,UnearthedArcana,0,Subclass,0.5
111,59bipe,Blood Mage: An attempt at balancing the class,http://homebrewery.naturalcrit.com/share/B1iY64hkl,UnearthedArcana,0,Class,0.5
112,54g5dr,Barbarian Sub-Class: Path of the Beast,http://homebrewery.naturalcrit.com/share/SJteJdBa,UnearthedArcana,0,Subclass,0.5
113,4tzf8p,Tome of Battle Conversion V0.11,http://homebrewery.naturalcrit.com/share/Bk3u-4jB,UnearthedArcana,0,Class,0.5
114,5pzvqc,"Draconic Legacy 2.0, Featuring Dragon Knight Class, Dragonkin Race, & Dragonborn Variants!",http://homebrewery.naturalcrit.com/share/rJbmPhFNvg,UnearthedArcana,2,Resource,0.58
115,54x11f,Sorcerer Sub-Class: Demi God Origin,http://homebrewery.naturalcrit.com/share/ByEcDPFp,UnearthedArcana,1,Subclass,0.54
116,jqglct,[5E] - Paladin Oath of Accessibility (V1) inspired by the Combat wheelchair- Looking for feedback,https://homebrewery.naturalcrit.com/share/MF2v2WKauADX,UnearthedArcana,1,Subclass,0.55
117,i7ox8y,"The Ranger, Midgard Revision: Applying Official and Unofficial changes to the ranger to make it the hunter is should be! Revised spell list and a new ranger archetype included.",https://www.gmbinder.com/share/-ME2zrhi3yziz19DxFrM,UnearthedArcana,0,Class,0.44
118,cuv5ib,The Spell Point Sorcerer,https://homebrewery.naturalcrit.com/share/Sk7ZKdTA4H,UnearthedArcana,0,Class,0.5
119,bobxih,Way of the Ninjitsu | Homebrew subclass for the monk,https://homebrewery.naturalcrit.com/share/Sy-vDoYPhV,UnearthedArcana,1,Subclass,0.55
120,b4zvcu,Chronomancy Spells - Tamper with time to your advantage in battle!,https://www.gmbinder.com/share/-LZKHsYIrWCzL8CTYVNf,UnearthedArcana,0,Spell,0.44
121,afofuo,Expanded Ability Scores - Encouraging Focusing on Scores!,https://www.gmbinder.com/share/-LW7GFACQ2MaGSClmS7q,UnearthedArcana,0,Mechanic,0.5
122,9lrft0,"(Half-) Orcs, Revised - player race with subraces",http://homebrewery.naturalcrit.com/share/B1nkfL4cX,UnearthedArcana,2,Race,0.6
123,9j0yig,Vampire race - by Tykennn - version 1.0,https://www.gmbinder.com/share/-LNIkrvWvAwXai7m4RFS,UnearthedArcana,2,Race,0.6
124,9e7ff0,Revised Warlock - Spellcasting Overhaul,https://homebrewery.naturalcrit.com/share/S1-VH3ll_X,UnearthedArcana,0,Class,0.42
125,969zqc,Ranger Archetype: Scion of the Arrow,http://homebrewery.naturalcrit.com/share/SJKHro9rm,UnearthedArcana,1,Subclass,0.56
126,920uaf,Battle Druid?! - Circle of Steel [Need Feedback],https://www.gmbinder.com/share/-LHwbhi-EFO77Oze2QVh,UnearthedArcana,1,Subclass,0.56
127,8mnxg1,[5e] [Race]Hengeyokai - The Homebrewery - NaturalCrit,http://homebrewery.naturalcrit.com/share/SJZF4szTz,UnearthedArcana,0,Race,0.44
128,7xk536,Fancy Sash of the Three Wolf Moon,https://www.gmbinder.com/share/-L5HSOBmCxtB3vGg3bmW,UnearthedArcana,0,Item,0.5
129,682npw,"Sneak attack spell for arcane trickster, feedback needed.",http://homebrewery.naturalcrit.com/share/BkwDd3l1b,UnearthedArcana,0,Spell,0.45
130,7slpch,(Class) The Red Mage,https://homebrewery.naturalcrit.com/share/SkwPwGISBf,UnearthedArcana,5,Class,0.65
131,aghku3,Magician Class - Full 5e PC Class Build,https://homebrewery.naturalcrit.com/share/rJBvIaifV,UnearthedArcana,3,Class,0.57
132,a02orh,"Reworked Shocking Grasp and Witch Bolt, because we need good early level Lightning spells (includes a bonus Cantrip)!",http://homebrewery.naturalcrit.com/share/SkbcWIBDRm,UnearthedArcana,1,Spell,0.53
133,86yhgq,"Martial Overhaul: Weapons, Fighting Styles, Feats",http://homebrewery.naturalcrit.com/share/SkjYBz3PG,UnearthedArcana,6,Feat,0.59
134,gh9ali,Mechanically Beneficial Backgrounds,https://homebrewery.naturalcrit.com/share/PR5bdnA5I,UnearthedArcana,2,Background,0.58
135,d6ud1h,Wizard's Arcane Tradition: Sorcery,https://www.gmbinder.com/share/-LpDenPJZ3rNVkvzl3x_,UnearthedArcana,0,Subclass,0.45
136,crq351,Steel Thy Shovel! Relics and Shovelblades for D&D 5e,https://www.gmbinder.com/share/-LhIrTbfSw06HVkcOdRg,UnearthedArcana,0,Item,0.5
137,c6yxm1,"[5E, Subclass] School of enhanced familiar (V2), School of magic missile dedication (V1), School of mage armour smithing (V1) - 3 wizard school options",https://homebrewery.naturalcrit.com/share/r1WE8JBeS,UnearthedArcana,1,Subclass,0.55
138,ari399,Player Race: Blood Angel,https://www.gmbinder.com/share/-LQGmhF1jeKKThjj7P1E,UnearthedArcana,3,Race,0.64
139,9j49um,[Class] Battlemage 1.4,http://homebrewery.naturalcrit.com/share/rySIsPEYFm,UnearthedArcana,3,Class,0.64
140,9h6tzi,The Forge of Titanite: WIP draft of a Dark Souls weapon system,https://www.gmbinder.com/share/-LMeDbuZdoYupvd4ZBp2,UnearthedArcana,0,Mechanic,0.5
141,738ztd,Worldbender (basically avatar),http://homebrewery.naturalcrit.com/share/ryyLUgnjZ,UnearthedArcana,0,Class,0.5
142,6p4fx4,A small collection of Non-combat Feats,http://homebrewery.naturalcrit.com/share/HyA2rqfU-,UnearthedArcana,2,Feat,0.6
143,5wr5ap,[Class] Eternal Warrior,http://homebrewery.naturalcrit.com/share/BJ8KtJlce,UnearthedArcana,0,Class,0.5
144,5qnp9m,[subclass]The Being Within- A Warlock Patron themed after a new character I will be rolling!,http://homebrewery.naturalcrit.com/share/rkI2r6YDe,UnearthedArcana,0,Subclass,0.47
145,571pzx,Druid Circles: Circle of the Tides v1,http://homebrewery.naturalcrit.com/share/BykOrfjC,UnearthedArcana,1,Subclass,0.55
146,6re4yj,The Majin as a D&D race.,http://homebrewery.naturalcrit.com/share/BkZ7RH0gP-,UnearthedArcana,6,Race,0.61
147,5zl1nq,"The Knife-Juggler, a Thrown Weapons Class",http://homebrewery.naturalcrit.com/share/HJTbsfHil,UnearthedArcana,14,Class,0.67
148,9tpzlg,Yet Another Warlock Rewrite v0.1.3,https://www.gmbinder.com/share/-LPiErVHm1hgARuqrUSB,UnearthedArcana,6,Class,0.69
149,8e0sjb,[NSFW] HombeBrew Harpy-Like Race Early test,http://homebrewery.naturalcrit.com/share/rJ__mwK2M,UnearthedArcana,0,Race,0.38
150,87t8yb,[Subclass] [Sorcerer] Sorcerous Origin of Hemomancy aka Blood Magic v.2.0,https://homebrewery.naturalcrit.com/share/Hy-0tzZKqM,UnearthedArcana,4,Subclass,0.63
151,7kfvx6,"My revised version of the Ranger, using elements of both the PHB and UA Ranger.",http://homebrewery.naturalcrit.com/share/rkr_8YyMfz,UnearthedArcana,4,Class,0.6
152,710quq,[Class] Blacklight Mutator,http://homebrewery.naturalcrit.com/share/Bk7BgJ95-,UnearthedArcana,2,Class,0.55
153,5fgzsm,"Here's an anime antagonist (protagonist?) I created a block for -- Be careful, he is powerful!",http://homebrewery.naturalcrit.com/share/Bk_E4cqfg,UnearthedArcana,0,Monster,0.37
154,74imqz,Pepsimancy Arcane Tradition - Summon the awesome power of Pepsi!,http://homebrewery.naturalcrit.com/share/r1lUjWd5b,UnearthedArcana,32,Subclass,0.71
155,4sp0jk,I converted over the Hellknight from Pathfinder! Let me know what you guys think!,http://homebrewery.naturalcrit.com/share/rkx_DQkw,UnearthedArcana,0,Class,0.5
156,iupp1m,Perfect Fireball | A Spell when you just want to nuke everything with a bunch of D6s,https://homebrewery.naturalcrit.com/share/7JYoMJ2JB,UnearthedArcana,0,Spell,0.43
157,clj7k7,"Roguish Archetype - The Assassin, master of shadows",https://www.gmbinder.com/share/-LlMLqn89zSK9HarUVb0,UnearthedArcana,1,Subclass,0.54
158,c09epb,Spell Permutation,https://homebrewery.naturalcrit.com/share/HJHKypCfAV,UnearthedArcana,1,Spell,0.57
159,bys8x6,Vydallia - Incubus Eldritch Knight. Right Hand to the BBEG.,https://homebrewery.naturalcrit.com/share/SJ7LC2VsAE,UnearthedArcana,0,Monster,0.5
160,bpmmuc,Advisor - Martial Support Class,https://www.gmbinder.com/share/-Lf2rjDysEC55HGWxW2C,UnearthedArcana,0,Class,0.5
161,bgi757,Mori — Fey Touched Race v0.1 [Race],https://homebrewery.naturalcrit.com/print/HyLDO5n9E?,UnearthedArcana,1,Race,0.56
162,betrog,Reddit friendly Super saiyan 5e class,https://www.gmbinder.com/share/-LXFMu5mjBCnlTWGsBdd,UnearthedArcana,0,Class,0.43
163,b9zr3r,"The Order of The Arcane Vampire, a Hellsing inspired class.",https://homebrewery.naturalcrit.com/share/Hk8tbFrFN,UnearthedArcana,0,Subclass,0.5
164,ac01os,Apothecary - Rationalised magic through alchemy,https://homebrewery.naturalcrit.com/share/ry760OFlC7,UnearthedArcana,1,Class,0.57
165,a2nnke,Sorcerer Origin: Phoenix,https://www.gmbinder.com/share/-L9OmZ2SRBxB1NqpYB1Y,UnearthedArcana,2,Subclass,0.62
166,98zcww,Martial Archetype: Lord of Mist,https://www.gmbinder.com/share/-LKIeLU-A77sIcU3aQbz,UnearthedArcana,1,Subclass,0.57
167,9844oe,"Revised Warlock by RagnarokXG: Unfinished, but Looking for Feedback",https://www.gmbinder.com/share/-LK2QHW0uejI373B21Zo,UnearthedArcana,1,Class,0.57
168,96k3sh,Otherworldly Patron: Ghastly Sheriff - An infernal patron for aspiring ghost riders!,https://homebrewery.naturalcrit.com/share/rk1XLC2SQ,UnearthedArcana,2,Subclass,0.62
169,91tz6y,5e Monk Subclass: Way of the Dragon,https://www.gmbinder.com/share/-LICUg0YHnfCwfwZDETh,UnearthedArcana,0,Subclass,0.44
170,8zmcph,Revised Bladesinger v1.0,https://homebrewery.naturalcrit.com/share/HyQ7vgejmQ,UnearthedArcana,2,Subclass,0.58
171,8uke6l,Circle of Voodoo [Feedback Appreciated],https://www.gmbinder.com/share/-LG5mpzIVA2Ubjh1jxno,UnearthedArcana,0,Subclass,0.44
172,8qofe5,Nature's Order: A Ranger Conclave,http://homebrewery.naturalcrit.com/share/SyF38Lfe7,UnearthedArcana,0,Subclass,0.43
173,8nfqar,College of Hope v1.2: A Healing-Focused Bard College!,https://www.gmbinder.com/share/-L6WsN8LHe6K8ukr2BQt,UnearthedArcana,0,Subclass,0.44
174,8k8zeq,The College of Hymns - A Bard Subclass with Divine Flavour and a Focus on Support Casting [Subclass],http://homebrewery.naturalcrit.com/share/SJFIw9jCf,UnearthedArcana,1,Subclass,0.57
175,8jgdjk,Need some feedback on the Dhampir race me and my friend are working on.,http://homebrewery.naturalcrit.com/share/SJbQcBLH6G,UnearthedArcana,0,Race,0.5
176,7xvxx0,(5E) Revised Sorcerer for Review,http://homebrewery.naturalcrit.com/share/S1JWM5mDM,UnearthedArcana,1,Class,0.57
177,7xko8b,Path of the Soul Warden V1.96 (Barbarian Subclass),https://www.gmbinder.com/share/-L3eWKRKP1C4YSkr52eN,UnearthedArcana,0,Subclass,0.44
178,7upse0,Barbarian Path of the Shaman: A 1/3 pact magic caster based off of WoW's Enhancement Shaman,http://homebrewery.naturalcrit.com/share/HJSJy5L-IM,UnearthedArcana,0,Subclass,0.5
179,7ub7cj,Race: Lillend,http://homebrewery.naturalcrit.com/share/ByDIrfv1LM,UnearthedArcana,0,Race,0.5
180,7bothv,For those mages who wish to become truly epic...,http://homebrewery.naturalcrit.com/share/HJHD_ReZkf,UnearthedArcana,0,Spell,0.45
181,7axtmy,Homebrew aasimar designed to be more ballanced while still keeping flavor and theme,http://homebrewery.naturalcrit.com/share/rkWZSKuhCW,UnearthedArcana,0,Race,0.38
182,6r3x19,The Battlemage: An Arcane Halfcaster,http://homebrewery.naturalcrit.com/share/rk_G1CpL-,UnearthedArcana,1,Class,0.57
183,694725,[5e Class] The Relic Bearer: A Tanky Support Class,http://homebrewery.naturalcrit.com/share/HJOHg260l,UnearthedArcana,0,Class,0.5
184,5ikjl4,Seer Class v1.1 is now active! Any more feedback would also help me greatly!,http://homebrewery.naturalcrit.com/share/B1b2IexNu,UnearthedArcana,1,Class,0.55
185,b2fzsk,Possumfolk - an anthropomorphic​ possum player race for D&D 5e,https://homebrewery.naturalcrit.com/share/HJfN-R2w4,UnearthedArcana,10,Race,0.68
186,jocgq1,Glas-Brendurr- Two exiled fey forced to share a body,https://www.gmbinder.com/share/-MLFhzTtYEDQYC_0-WXW,UnearthedArcana,0,Monster,0.5
187,ie0j4b,YARR v0.1 (Yet Another Ranger Redesign),https://www.gmbinder.com/share/-MFDwcjVRX2x4JXeS_Xq,UnearthedArcana,0,Class,0.5
188,cza3gc,V0.2 The knight of the celestial court- A fighter archtype which uses sky magic to enhance it's fighting capabilities with blades,https://homebrewery.naturalcrit.com/print/rkuC6J_Er?dialog=true,UnearthedArcana,0,Subclass,0.5
189,c94wcq,Kappa - A Homebrew Race Based on the Mythical Japanese Monster,https://www.gmbinder.com/share/-Liv96_E-YNGeSfaswnn,UnearthedArcana,0,Race,0.5
190,bnd2y9,(Player Race) Driikin: half-deer (first attempt at homebrew),https://homebrewery.naturalcrit.com/share/rkv7KcWhN,UnearthedArcana,0,Race,0.5
191,bgraxf,"The Allbinder, for the tricksters and Loki-wannabes",https://homebrewery.naturalcrit.com/share/SyW4E1uTcN,UnearthedArcana,0,Class,0.5
192,bb6818,"Homebrewing a New Rogue Archetype, any Advice on improvement or adjustment?",https://homebrewery.naturalcrit.com/share/Bk-gogectN,UnearthedArcana,0,Subclass,0.5
193,b8gzyr,Elementalist v0.3 // a Wis/Int-based martial class with a connection to the Elemental Planes. (5e),https://www.gmbinder.com/share/-LbDeTQkKZ7ERoHh57Mt,UnearthedArcana,0,Class,0.5
194,b6o744,Heart Eater Devil,https://www.gmbinder.com/share/-Lb4uV_tQamcpL4AcDZA,UnearthedArcana,0,Monster,0.5
195,m5xiol,XGTE Class Traits Expanded + Artificer,https://www.gmbinder.com/share/-MVsRDHxhmCt-JRE_5GL,UnearthedArcana,34,Other,0.9
196,m294is,"CactusCrow's Blood Hunter Subclasses - Order of the Cloaked, Order of the Curse Eater, Order of the Medusa, Order of the Raven, Order of the Siren, and Order of the Vampire Spawn",https://www.gmbinder.com/pdf/-MV5QIBXwrqYRIqEX3Rh/cactuscrows-blood-hunter-orders-2020-versions-no-pics.pdf,UnearthedArcana,26,Subclass,0.9
197,lxidfl,Huge re-write of the Players Handbook to make 5e into a PvP arena game,https://homebrewery.naturalcrit.com/share/zQDzC8u8PBLJ,UnearthedArcana,15,Compendium,0.78
198,lx5afz,"Warlock Expansion V. 1.2 - Warlock Subclasses, Pact Boons, and Eldritch Invocations to customize your Warlock!",https://homebrewery.naturalcrit.com/share/Ng24MG1vDp2s,UnearthedArcana,10,Subclass,0.87
199,lrz4m3,Necromancy Revised! A mini-compendium aimed at fixing Necromancy in 5E!,https://www.gmbinder.com/share/-MB8fiuJbc5endIUcFLv,UnearthedArcana,8,Compendium,0.83
200,lrnfpd,Unique Familiars as Attunable Items,https://www.gmbinder.com/share/-MUGoOFR9OKhoG3g9hNR,UnearthedArcana,14,Item,0.9
201,lpo679,"Nepenthe: The Blades of Two Brothers, a double-sided scimitar with shadow blades (Arms of the Betrayers/Vestige of Divergence_",https://www.gmbinder.com/share/-M7hRXf2bCIc2Rvg1XDG,UnearthedArcana,8,Item,1
202,lp9no8,Pact of the Archmage Warlock | Trick your party into thinking you're a wizard!,https://homebrewery.naturalcrit.com/share/fxIFF3_otodv,UnearthedArcana,17,Subclass,0.88
203,eh6w51,Elder Evils 5e - a total conversion of the apocalyptic Elder Evils Supplement from 3.5,https://www.gmbinder.com/share/-LOB2b05vCsVZ_5ESE8X,UnearthedArcana,1872,Compendium,0.99
204,hda27g,Otherworldly Patron: My Dad - A Very Special Patron for Warlocks,https://www.gmbinder.com/share/-M3jU4cQZ23cHzaiywZ5,UnearthedArcana,1836,Subclass,0.98
205,e8rbvz,"Kibbles' Alternate Artificer v2.0.2 - Forge armor, wield cannons, enchant swords, infuse potions... the power to innovate is in your hands! A new dark path lies ahead in the Expanded Toolbox... (PDF in comments)",https://www.gmbinder.com/share/-LAEn6ZdC6lYUKhQ67Qk,UnearthedArcana,1442,Class,0.98
206,foxtlj,"Saw a joke post about mistaking half-orc for half-orca, so I present: Half-Orca, a noble aquatic warrior race.",https://homebrewery.naturalcrit.com/share/r4QVUpLi2,UnearthedArcana,1201,Race,0.99
207,cal77v,"Kibbles' Alternate Artificer v2.0 - Forge armor, wield cannons, enchant swords, infuse potions, and so much more better than ever! And now, the Fleshsmith shambles onto the roster! (PDF in Comments)",https://www.gmbinder.com/share/-LAEn6ZdC6lYUKhQ67Qk,UnearthedArcana,1115,Class,0.98
208,bc0osd,"Kibbles Alternate Artificer v1.7 - Build your powers and stand on the field as a self-made hero of ingenuity! Cannonsmith, Gadgetsmith, Golemsmith, Infusionsmith, Potionsmith, Warsmith, and Wandsmith.",https://www.gmbinder.com/share/-LAEn6ZdC6lYUKhQ67Qk,UnearthedArcana,1083,Class,0.98
209,gujtzs,"I'd love feedback on my new stone-age campaign setting, where writing is black magic and the planes haven't separated yet... this is Planegea!",https://homebrewery.naturalcrit.com/share/RZW6DobEK,UnearthedArcana,1072,World,0.99
210,a6wiho,"5e - Revised Artificer v1.6, Cannonsmith, Gadgetsmith, Golemsmith, Infusionsmith, Potionsmith, Warsmith, Wandsmith... now with an Expand Toolbox (Additional Upgrades, Mindsmith, Fleshsmith - and it's Adorable Critter, Feats).",https://www.gmbinder.com/share/-LAEn6ZdC6lYUKhQ67Qk,UnearthedArcana,1048,Class,0.98
211,81xjef,"Every subclass in Xanathar's Guide to Everything converted to an NPC statblock for your party to get killed by. Seriously, all 28 of them.",https://www.gmbinder.com/share/-L6GUqupZlhPJcuRlnqR,UnearthedArcana,1014,Monster,0.98
212,g34xd0,"Kibbles' Alternate Artificer v2.0.3 - Forge armor, wield cannons, enchant swords, infuse potions... the power to innovate is in your hands! Magic item retrofitting, balance tweaks, streamlined mutations, and more!",https://www.gmbinder.com/share/-LAEn6ZdC6lYUKhQ67Qk,UnearthedArcana,964,Class,0.98
213,ey5wjx,Dragonborn Variant | A fresh take on the Draconic race with 15+ new subraces and feats! | NOW INCLUDING GEM DRAGONBORN!! | PDF Link in Comments for Mobile Users,https://homebrewery.naturalcrit.com/share/SJQuEHFHfU,UnearthedArcana,952,Race,0.97
214,cmav2c,"Psion v1.2 - Bend reality to the power of your mind - Awake, Unleash, Transcend and Shape! Psychic Warrior and Soulblade included! (PDF in Comments)",https://www.gmbinder.com/share/-LZSNMgmChWNGW979hrj,UnearthedArcana,891,Class,0.99
215,adbpdg,"5e - Revised Artificer v1.6.1 & Expanded Toolbox v1.2 - The Artificer Spells Update; the return of some classic Artificer Spells along with the new (...and updates to Infusionsmith, Warsmith, and Fleshmith).",https://www.gmbinder.com/share/-LAEn6ZdC6lYUKhQ67Qk,UnearthedArcana,865,Class,0.99
216,m7yro3,A new Warlock Pact,https://homebrewery.naturalcrit.com/share/3aGbhJmoX4vm,DnDHomebrew,5,5e,1
217,m7e2md,[Class] Sealed Dragon v1.6 | A Dragon Sealed Inside a Mortal Shell! Feedback Greatly Appreciated.,https://homebrewery.naturalcrit.com/share/SRjD2L0dJ,DnDHomebrew,1,Class,0.6
218,m71q02,Order of the Thereon-Blood Hunter subclass v 1.01,https://homebrewery.naturalcrit.com/share/1ScBIJ_Q9QP8CXozqCLcH0rurpr_zPbfLqvp85a6bAVjI,DnDHomebrew,2,Subclass,0.75
219,m49wc9,"Lucky for you there is a new domain for cleric, The Fortune Domain!",https://homebrewery.naturalcrit.com/share/1UQGgEHBAN8PAr9HZeqdOFy5DlHo4FGTc0RluTOzx2wh4,DnDHomebrew,2,Subclass,1
220,m1euam,Cryomancer - Sorcerous Origin for those who like to keep the battlefield cool,https://homebrewery.naturalcrit.com/share/cgppaU01RP3x,DnDHomebrew,1,Subclass,0.6
221,lzyuxn,Homebrew Class Soothsayer v1.0,https://homebrewery.naturalcrit.com/share/cSZdYiKOGOAX,DnDHomebrew,1,Class,1
222,lz441s,DnD 5.5e 1st Draft,https://www.gmbinder.com/share/-MRwN-bt0kubqTri5QQ4,DnDHomebrew,1,Mechanic,0.67
223,lxmrp4,Trying to make a melee/grappling themed rogue subclass: the thug! (Feedback appreciated!),https://homebrewery.naturalcrit.com/share/aFjGJsE89,DnDHomebrew,1,Subclass,0.67
224,lw2q0w,Way of Nature - Monk Subclass: Defeat your enemies with the power of animals and the forces of the wild (looking for feedback on smoothing out and finishing this subclass),https://homebrewery.naturalcrit.com/share/1puOVOdtBJI9e6SOuwwaoffXP8_-AxwHUKz5S6xT_uk86,DnDHomebrew,2,Subclass,1
225,lv9kv8,Any feedback on my take on gecko-folk would be greatly appreciated. it's my first time putting something like this together and I'm not sure about the balance.,https://homebrewery.naturalcrit.com/share/ZL5enJu4TBtk,DnDHomebrew,0,Race,0.5
226,lumepz,"[5E] Artificer Mechanic Specialist and Chair upgrades for the combat wheel chair, version 1 - Would love feedback!",https://homebrewery.naturalcrit.com/share/O-WwQqz3X_Gx,DnDHomebrew,2,Subclass,1
227,lu4oug,New Armor System for Modern Settings,https://homebrewery.naturalcrit.com/share/F3gBoje3Lg45,DnDHomebrew,1,Mechanic,0.6
228,ltaiy5,Half Hydra Half Dragon monster!,https://homebrewery.naturalcrit.com/share/HJZvwHufxL,DnDHomebrew,0,Monster,0.5
229,lt0lgf,"Path of the War Shaman, a new Barbarian subclass!",https://homebrewery.naturalcrit.com/share/Zt8-J3TWCG3n,DnDHomebrew,2,Subclass,1
230,lrxs1q,"Wand Fish - A tiny fey and somewhat annoying creature to send in groups, may make a nice pet (?)",https://homebrewery.naturalcrit.com/share/ZGT61TND4izT,DnDHomebrew,1,Monster,1
231,90miy8,A Druid subclass surrounding weed!,https://homebrewery.naturalcrit.com/share/BJconXxVQ,DnDHomebrew,2,Subclass,0.55
232,6ib5i8,A Selection of Meme Spells for the Memeticists of D&D [X-Post from r/UnearthedArcana],http://homebrewery.naturalcrit.com/share/SkFsOwUGb,DnDHomebrew,0,Spell,0.44
233,b1tnnl,"An 'Old School' inspired Paladin for 5e. Evil Beware, the Holy Paladin cometh!",https://homebrewery.naturalcrit.com/share/SkXBUWJ9wz,DnDHomebrew,0,Class,0.5
234,aro6y3,Monk Subclass. Way of the Seeing Blind.,https://homebrewery.naturalcrit.com/share/BJ-00lgPrV,DnDHomebrew,2,Subclass,0.6
235,4zgxxy,Mother Cyst 5e conversion [first draft],http://homebrewery.naturalcrit.com/share/SyyZn1n5,DnDHomebrew,0,Spell,0.5
236,fiqbce,I Made A Few Spells To Use Frieza's Moveset,https://homebrewery.naturalcrit.com/share/AY8DBf-d,DnDHomebrew,0,Spell,0.5
237,c1f28o,The Half-Caster Bard,https://www.gmbinder.com/share/-LVzyrtL6boN6cdb2j9F,DnDHomebrew,1,Class,0.57
238,87m6at,Sorcerous origin of Hemomancy (Blood Magic),https://homebrewery.naturalcrit.com/share/Hy75syVO5f,DnDHomebrew,1,Subclass,0.57
239,878bmh,"[Class, 5E] The Destine ― A Class Based Around Altering One's Fate",https://www.gmbinder.com/share/-L7turwhhPKTLR15jMU4,DnDHomebrew,2,Class,0.63
240,6i7ada,Warhammer World for Dungeons and Dragons,http://homebrewery.naturalcrit.com/share/B1sYQY4XW,DnDHomebrew,3,World,0.61
241,hu9khs,"Hello I created a ""Tweaked"" Ranger that buffs a bunch of Ranger Features and adds a bunch of optional ranger features, abilities, and rules that you can use with either the PHB or ""Tweaked"" Ranger. Please take a look and give me your thoughts.",https://www.gmbinder.com/share/-MCa67uiPpVUCqqUVyPq,DnDHomebrew,0,Class,0.5
242,hq6brz,God of life: life changer cards!! Please click and check it out!!!,https://homebrewery.naturalcrit.com/print/H1-KwLwQTH?dialog=true,DnDHomebrew,0,Other,0.5
243,bvnoy2,The Elite Ranger (v0.9) - This Ranger re-imagines the class as the elite/specialist warrior who's strength is in understanding of its opponents and the environment. Nature/stealth theme largely removed from the core class.,https://homebrewery.naturalcrit.com/share/Skb-T4Yas7,DnDHomebrew,0,Class,0.5
244,bncgy3,[Class][Rework] Revised Ranger - For the supporting / higher damage variety,https://homebrewery.naturalcrit.com/share/ryrPoNdRiV,DnDHomebrew,0,Class,0.5
245,b4l6t4,Empowerable Cantrips,https://www.gmbinder.com/share/-LUmA0lnWZ6aVgphwZDu,DnDHomebrew,0,Mechanic,0.5
246,96el8p,Way of the Frontline - Crowd-Fighting Monk Archetype - Feedback Appreciated!,http://homebrewery.naturalcrit.com/share/B1NbXZ2Hm,DnDHomebrew,0,Subclass,0.5
247,8mhhue,Digimon Deities. Version 0.1,http://homebrewery.naturalcrit.com/share/B1OAImuJ7,DnDHomebrew,0,Other,0.5
248,8fc893,My first attempt at creating a subclass: The Way of the Flagellant,https://homebrewery.naturalcrit.com/share/B149mnepz,DnDHomebrew,0,Subclass,0.5
249,71b17z,Poop Slime,http://homebrewery.naturalcrit.com/share/rJ2rqyxsb,DnDHomebrew,3,Monster,0.57
250,f0bh5f,"Catlings, the love children of Tabaxi and Halflings.",https://homebrewery.naturalcrit.com/share/HJWQcxw9AH,DnDHomebrew,94,Race,0.8
251,aoqbmg,Little Pony Race (I'm not sorry),https://www.gmbinder.com/share/-LYFvqrTNboYd_Vi3h03,DnDHomebrew,0,Race,0.38
252,8856lv,"HomeBrew Scribe (Work in Progress, feedback please)",http://homebrewery.naturalcrit.com/share/Hkb2zQ0qcM,DnDHomebrew,4,Class,0.64
253,6uvf9w,5e Gunslinger Class,http://homebrewery.naturalcrit.com/share/SyZlYGgjI-,DnDHomebrew,6,Class,0.69
254,ljgc4l,"A Very Simple Custom Combat System, Designed for More Thrilling, Expressive, and Strategic Combat!",https://homebrewery.naturalcrit.com/share/-vJUG_GiWA5u,DnDHomebrew,1,Mechanic,0.6
255,idrm9v,Homebrew Spellcaster Class: The Reallurgist (can cast any spell!),https://homebrewery.naturalcrit.com/share/zuVpziQ7x,DnDHomebrew,1,Class,0.6
256,ggistl,My Revised Circle of Spores Druid; even more gish! (Cross posted from r/DnD),https://homebrewery.naturalcrit.com/share/AUt-VeH2r,DnDHomebrew,1,Subclass,0.6
257,fa1zof,"Way of the Seasons v2.2, a different kind of 5e elemental monk",https://homebrewery.naturalcrit.com/share/gBNS4_PG,DnDHomebrew,1,Subclass,0.57
258,f63rd1,Way of Season version 1.1,https://homebrewery.naturalcrit.com/share/PfZHjl-8,DnDHomebrew,1,Subclass,0.6
259,ehtbhf,"The Dimensioner Revised - A 5e class focusing on combat mobility, with a special bond with one of the 20+ planes of the multiverse! C&C welcome",https://homebrewery.naturalcrit.com/share/Sk7h4hjchE,DnDHomebrew,1,Class,0.6
260,cq255g,Wield the power of the Keyblade!!! - 5e Class (critique greatly appreciated),https://homebrewery.naturalcrit.com/share/rkUcVBCXr,DnDHomebrew,1,Class,0.6
261,blm76i,2019 UA Artificer Specialty-The Quartermaster (need help picking spells),https://homebrewery.naturalcrit.com/share/HyqDHFRsV,DnDHomebrew,1,Subclass,0.6
262,b8octn,Help finalizing a Homebrew class,https://homebrewery.naturalcrit.com/share/rkKwtEZFE,DnDHomebrew,1,Class,0.56
263,8x8hbj,5e Rogue Subclass,http://homebrewery.naturalcrit.com/share/H1a90npGm,DnDHomebrew,0,Subclass,0.4
264,7ewizm,[5e] A few homebrew lightning elemental monsters my players will be fighting in an upcoming 5e session. Thoughts?,http://homebrewery.naturalcrit.com/share/BJM4DnXef,DnDHomebrew,1,Monster,0.6
265,608izy,"Sorcerer 5e Rework - for your Consideration, let the Flambéing commence",http://homebrewery.naturalcrit.com/share/ByrDFP8TYx,DnDHomebrew,1,Class,0.57
266,81ntzn,Rogue - Divine Trickster Archetype,https://www.gmbinder.com/share/-L6eThyjH-OkFV7BJ0xG,DnDHomebrew,10,Subclass,0.75
267,f782fz,Please critique my wizard subclass that can cast unprepared spells,https://www.gmbinder.com/share/-M0TqdO2I55TMkmjxSpP,DnDHomebrew,4,Subclass,0.7
268,lt3et5,"The Ludumancer | A 9th level Intelligence caster who taps into their inner Mana to cast spells and summon monsters from cards. Make a deck to play with or 'Use Dice to Play Cards'. Stack the deck in your favor, assemble a magical menagerie of monsters, or go all in on a good gut feeling!",https://homebrewery.naturalcrit.com/share/1dmq3HbmtWCOllSJMvd9BWT3pf2zTNZ-IH71PGYGZPR-1,DnDHomebrew,3,Class,0.72
